OINCIDENTMATEOPERATION((),#534,(#535),.F.,.T.,.F.,.F.,1,.F.);
#686=COINCIDENTMATEOPERATION((),#536,(#537),.T.,.T.,.F.,.F.,4,.F.);
#687=COINCIDENTMATEOPERATION((),#538,(#539),.T.,.T.,.F.,.F.,4,.F.);
#688=COINCIDENTMATEOPERATION((),#542,(#543),.T.,.T.,.F.,.F.,4,.F.);
#689=COINCIDENTMATEOPERATION((),#544,(#545),.T.,.T.,.F.,.F.,4,.F.);
#690=COINCIDENTMATEOPERATION((),#546,(#547),.F.,.T.,.F.,.F.,1,.F.);
#691=COINCIDENTMATEOPERATION((),#548,(#549),.F.,.T.,.F.,.F.,1,.F.);
#692=COINCIDENTMATEOPERATION((),#552,(#553),.F.,.T.,.F.,.F.,1,.F.);
#693=COINCIDENTMATEOPERATION((),#556,(#557),.F.,.T.,.F.,.F.,1,.F.);
#694=COINCIDENTMATEOPERATION((),#562,(#563),.F.,.T.,.F.,.F.,1,.F.);
#695=COINCIDENTMATEOPERATION((),#566,(#567),.F.,.T.,.F.,.F.,1,.F.);
#696=COINCIDENTMATEOPERATION((),#578,(#579),.F.,.T.,.F.,.F.,1,.F.);
#697=COINCIDENTMATEOPERATION((),#584,(#585),.F.,.T.,.F.,.F.,1,.F.);
#698=COINCIDENTMATEOPERATION((),#590,(#591),.F.,.T.,.F.,.F.,1,.F.);
#699=COINCIDENTMATEOPERATION((),#598,(#599),.F.,.T.,.F.,.F.,1,.F.);
#700=COINCIDENTMATEOPERATION((),#600,(#601),.F.,.T.,.F.,.F.,1,.F.);
#701=COINCIDENTMATEOPERATION((),#610,(#611),.F.,.T.,.F.,.F.,1,.F.);
#702=COINCIDENTMATEOPERATION((),#612,(#613),.F.,.T.,.F.,.F.,1,.F.);
#703=COINCIDENTMATEOPERATION((),#617,(#618),.F.,.T.,.F.,.F.,1,.F.);
#704=COINCIDENTMATEOPERATION((),#619,(#620),.F.,.T.,.F.,.F.,1,.F.);
#705=COINCIDENTMATEOPERATION((),#624,(#625),.F.,.T.,.F.,.F.,1,.F.);
#706=COINCIDENTMATEOPERATION((),#626,(#627),.F.,.T.,.F.,.F.,1,.F.);
#707=COINCIDENTMATEOPERATION((),#628,(#629),.T.,.T.,.F.,.F.,4,.F.);
#708=COINCIDENTMATEOPERATION((),#632,(#633),.F.,.T.,.F.,.F.,1,.F.);
#709=COINCIDENTMATEOPERATION((),#642,(#643),.T.,.T.,.F.,.F.,4,.F.);
#710=COINCIDENTMATEOPERATION((),#644,(#645),.T.,.T.,.F.,.F.,4,.F.);
#711=COINCIDENTMATEOPERATION((),#646,(#647),.F.,.T.,.F.,.F.,1,.F.);
#712=COINCIDENTMATEOPERATION((),#652,(#653),.F.,.T.,.F.,.F.,1,.F.);
#713=COINCIDENTMATEOPERATION((),#660,(#661),.T.,.T.,.F.,.F.,4,.F.);
#714=COINCIDENTMATEOPERATION((),#668,(#669),.T.,.T.,.F.,.F.,4,.F.);
#715=COINCIDENTMATEOPERATION((),#672,(#673),.F.,.T.,.F.,.F.,1,.F.);
#716=DESIGNMATING('Mate (9)',#680);
#717=DESIGNMATING('Mate (13)',#681);
#718=DESIGNMATING('Mate (14)',#682);
#719=DESIGNMATING('Align (7)',#683);
#720=DESIGNMATING('Mate (15)',#684);
#721=DESIGNMATING('Mate (16)',#685);
#722=DESIGNMATING('Align (8)',#686);
#723=DESIGNMATING('Align (10)',#687);
#724=DESIGNMATING('Align (14)',#152);
#725=DESIGNMATING('Align (15)',#688);
#726=DESIGNMATING('Align (16)',#689);
#727=DESIGNMATING('Mate (33)',#690);
#728=DESIGNMATING('Mate (34)',#691);
#729=DESIGNMATING('Mate (35)',#149);
#730=DESIGNMATING('Mate (36)',#692);
#731=DESIGNMATING('Align (19)',#153);
#732=DESIGNMATING('Mate (40)',#693);
#733=DESIGNMATING('Angle (1)',#132);
#734=DESIGNMATING('Align (20)',#154);
#735=DESIGNMATING('Mate (41)',#694);
#736=DESIGNMATING('Align (21)',#155);
#737=DESIGNMATING('Mate (42)',#695);
#738=DESIGNMATING('Align (22)',#156);
#739=DESIGNMATING('Angle (2)',#133);
#740=DESIGNMATING('Angle (3)',#134);
#741=DESIGNMATING('Align (23)',#157);
#742=DESIGNMATING('Align (24)',#158);
#743=DESIGNMATING('Mate (43)',#696);
#744=DESIGNMATING('Angle (4)',#135);
#745=DESIGNMATING('Align (26)',#159);
#746=DESIGNMATING('Mate (45)',#697);
#747=DESIGNMATING('Mate (46)',#150);
#748=DESIGNMATING('Align (27)',#160);
#749=DESIGNMATING('Mate (47)',#698);
#750=DESIGNMATING('Angle (5)',#136);
#751=DESIGNMATING('Align (28)',#161);
#752=DESIGNMATING('Angle (6)',#137);
#753=DESIGNMATING('Mate (48)',#699);
#754=DESIGNMATING('Mate (50)',#700);
#755=DESIGNMATING('Align (29)',#162);
#756=DESIGNMATING('Angle (8)',#138);
#757=DESIGNMATING('Align (30)',#163);
#758=DESIGNMATING('Align (31)',#164);
#759=DESIGNMATING('Mate (51)',#701);
#760=DESIGNMATING('Mate (52)',#702);
#761=DESIGNMATING('Angle (9)',#139);
#762=DESIGNMATING('Mate (53)',#703);
#763=DESIGNMATING('Mate (54)',#704);
#764=DESIGNMATING('Angle (10)',#140);
#765=DESIGNMATING('Mate (55)',#705);
#766=DESIGNMATING('Mate (56)',#706);
#767=DESIGNMATING('Align (32)',#707);
#768=DESIGNMATING('Align (33)',#165);
#769=DESIGNMATING('Mate (57)',#708);
#770=DESIGNMATING('Align (34)',#166);
#771=DESIGNMATING('Angle (11)',#141);
#772=DESIGNMATING('Align (35)',#167);
#773=DESIGNMATING('Angle (12)',#142);
#774=DESIGNMATING('Align (36)',#709);
#775=DESIGNMATING('Align (37)',#710);
#776=DESIGNMATING('Mate (58)',#711);
#777=DESIGNMATING('Align (38)',#168);
#778=DESIGNMATING('Angle (13)',#143);
#779=DESIGNMATING('Mate (59)',#712);
#780=DESIGNMATING('Align (39)',#169);
#781=DESIGNMATING('Angle (14)',#144);
#782=DESIGNMATING('Align (40)',#170);
#783=DESIGNMATING('Align (41)',#713);
#784=DESIGNMATING('Angle (15)',#145);
#785=DESIGNMATING('Align (42)',#171);
#786=DESIGNMATING('Angle (16)',#146);
#787=DESIGNMATING('Align (43)',#714);
#788=DESIGNMATING('Angle (17)',#147);
#789=DESIGNMATING('Mate (60)',#715);
#790=DESIGNMATING('Angle (19)',#148);
#791=DESIGNMATING('Align (44)',#172);
#792=DESIGNMATING('Mate (61)',#151);
#793=DESIGNPLANEOPERATION((),#892);
#794=DESIGNPLANEOPERATION((),#893);
#795=DESIGNPLANEOPERATION((),#891);
#796=AXIS1_PLACEMENT($,#1190,#904);
#797=AXIS1_PLACEMENT($,#1190,#905);
#798=AXIS1_PLACEMENT($,#1190,#906);
#799=DESIGNPRIMARYAXIS(.F.,'X-Axis',#796);
#800=DESIGNPRIMARYAXIS(.F.,'Y-Axis',#797);
#801=DESIGNPRIMARYAXIS(.F.,'Z-Axis',#798);
#802=DESIGNAXISOPERATION((),#799);
#803=DESIGNAXISOPERATION((),#800);
#804=DESIGNAXISOPERATION((),#801);
#805=PRODUCTVERSION('PRODUCTVERSION 15,0,1,15081');
#806=PRODUCTVERSION('PRODUCTVERSION 15,0,1,15081');
#807=PRODUCTVERSION('PRODUCTVERSION 15,0,1,15081');
#808=PRODUCTVERSION('PRODUCTVERSION 15,0,1,15081');
#809=PRODUCTVERSION('PRODUCTVERSION 15,0,1,15081');
#810=PRODUCTVERSION('PRODUCTVERSION 15,0,1,15081');
#811=PRODUCTVERSION('PRODUCTVERSION 15,0,1,15081');
#812=DESIGNPRIMARYPOINT(.F.,'Origin',#1190);
#813=DESIGNPOINTOPERATION((),#812);
#814=DESIGNSTATE('Origin',0,#813,.T.,$,#805,#821,$);
#815=DESIGNSTATE('X-Axis',0,#802,.T.,$,#806,#821,$);
#816=DESIGNSTATE('Y-Axis',0,#803,.T.,$,#807,#821,$);
#817=DESIGNSTATE('Z-Axis',0,#804,.T.,$,#808,#821,$);
#818=DESIGNSTATE('XY-Plane',0,#793,.T.,$,#809,#821,$);
#819=DESIGNSTATE('YZ-Plane',0,#794,.T.,$,#810,#821,$);
#820=DESIGNSTATE('ZX-Plane',0,#795,.T.,$,#811,#821,$);
#821=STATECONTEXT((#814,#815,#816,#817,#818,#819,#820),$);
#822=INTEGERPARAMETER('C3',$,$,'',0,2,$,$,.F.,1);
#823=INTEGERPARAMETER('C5',$,$,'',0,2,$,$,.F.,1);
#824=INTEGERPARAMETER('C12',$,$,'',0,2,$,$,.F.,1);
#825=INTEGERPARAMETER('C10',$,$,'',0,2,$,$,.F.,3);
#826=INTEGERPARAMETER('C11',$,$,'',0,2,$,$,.F.,1);
#827=INTEGERPARAMETER('C7',$,$,'',0,2,$,$,.F.,3);
#828=INTEGERPARAMETER('C8',$,$,'',0,2,$,$,.F.,1);
#829=INTEGERPARAMETER('C2',$,$,'',0,2,$,$,.F.,2);
#830=INTEGERPARAMETER('C4',$,$,'',0,2,$,$,.F.,5);
#831=INTEGERPARAMETER('C9',$,$,'',0,2,$,$,.F.,1);
#832=INTEGERPARAMETER('C6',$,$,'',0,2,$,$,.F.,1);
#833=INTEGERPARAMETER('C1',$,$,'',0,2,$,$,.F.,2);
#834=DOUBLEPARAMETER('D31',$,$,'',0,0,$,$,.F.,0.);
#835=DOUBLEPARAMETER('D30',$,$,'',0,0,$,$,.F.,0.025);
#836=DOUBLEPARAMETER('D33',$,$,'',0,0,$,$,.F.,0.);
#837=DOUBLEPARAMETER('D32',$,$,'',0,0,$,$,.F.,0.3);
#838=DOUBLEPARAMETER('D35',$,$,'',0,0,$,$,.F.,0.1);
#839=DOUBLEPARAMETER('D34',$,$,'',0,0,$,$,.F.,0.1);
#840=DOUBLEPARAMETER('D37',$,$,'',0,0,$,$,.F.,1.);
#841=DOUBLEPARAMETER('D36',$,$,'',0,0,$,$,.F.,0.);
#842=DOUBLEPARAMETER('D3',$,$,'',0,0,$,$,.F.,0.);
#843=DOUBLEPARAMETER('D5',$,$,'',0,0,$,$,.F.,12.7);
#844=DOUBLEPARAMETER('D7',$,$,'',0,0,$,$,.F.,0.1);
#845=DOUBLEPARAMETER('D21',$,$,'',0,0,$,$,.F.,0.);
#846=DOUBLEPARAMETER('D25',$,$,'',0,0,$,$,.F.,0.);
#847=DOUBLEPARAMETER('D24',$,$,'',0,0,$,$,.F.,1.28);
#848=DOUBLEPARAMETER('D27',$,$,'',0,0,$,$,.F.,0.);
#849=DOUBLEPARAMETER('D26',$,$,'',0,0,$,$,.F.,0.);
#850=DOUBLEPARAMETER('D29',$,$,'',0,0,$,$,.F.,0.);
#851=DOUBLEPARAMETER('D28',$,$,'',0,0,$,$,.F.,0.);
#852=DOUBLEPARAMETER('D2',$,$,'',0,0,$,$,.F.,0.);
#853=DOUBLEPARAMETER('D4',$,$,'',0,0,$,$,.F.,0.);
#854=DOUBLEPARAMETER('D9',$,$,'',0,0,$,$,.F.,1.42);
#855=DOUBLEPARAMETER('D6',$,$,'',0,0,$,$,.F.,7.5);
#856=DOUBLEPARAMETER('D11',$,$,'',0,0,$,$,.F.,0.1);
#857=DOUBLEPARAMETER('D10',$,$,'',0,0,$,$,.F.,0.1);
#858=DOUBLEPARAMETER('D13',$,$,'',0,0,$,$,.F.,1.65);
#859=DOUBLEPARAMETER('D15',$,$,'',0,0,$,$,.F.,0.1);
#860=DOUBLEPARAMETER('D14',$,$,'',0,0,$,$,.F.,0.1);
#861=DOUBLEPARAMETER('D1',$,$,'',0,0,$,$,.F.,0.);
#862=ANGLEPARAMETER('A10',$,$,'',0,1,$,$,.F.,#1260);
#863=ANGLEPARAMETER('A11',$,$,'',0,1,$,$,.F.,#1260);
#864=ANGLEPARAMETER('A12',$,$,'',0,1,$,$,.F.,#1260);
#865=ANGLEPARAMETER('A13',$,$,'',0,1,$,$,.F.,#1260);
#866=ANGLEPARAMETER('A19',$,$,'',0,1,$,$,.F.,#1260);
#867=ANGLEPARAMETER('A3',$,$,'',0,1,$,$,.F.,#1260);
#868=ANGLEPARAMETER('A5',$,$,'',0,1,$,$,.F.,#1260);
#869=ANGLEPARAMETER('A8',$,$,'',0,1,$,$,.F.,#1260);
#870=ANGLEPARAMETER('A2',$,$,'',0,1,$,$,.F.,#1260);
#871=ANGLEPARAMETER('A4',$,$,'',0,1,$,$,.F.,#1260);
#872=ANGLEPARAMETER('A9',$,$,'',0,1,$,$,.F.,#1261);
#873=ANGLEPARAMETER('A6',$,$,'',0,1,$,$,.F.,#1260);
#874=ANGLEPARAMETER('A1',$,$,'',0,1,$,$,.F.,#1260);
#875=ANGLEPARAMETER('A14',$,$,'',0,1,$,$,.F.,#1260);
#876=ANGLEPARAMETER('A15',$,$,'',0,1,$,$,.F.,#1262);
#877=ANGLEPARAMETER('A16',$,$,'',0,1,$,$,.F.,#1259);
#878=ANGLEPARAMETER('A17',$,$,'',0,1,$,$,.F.,#1260);
#879=PARAMETERTABLE((#862,#863,#864,#865,#834,#835,#836,#866,#837,#838,#839,
#840,#841,#842,#867,#843,#822,#868,#823,#824,#825,#826,#844,#827,#845,#846,
#847,#848,#849,#850,#851,#869,#852,#828,#870,#853,#829,#871,#830,#854,#872,
#855,#831,#873,#832,#856,#857,#858,#859,#860,#861,#874,#833,#875,#876,#877,
#878));
#880=AXIS2_PLACEMENT_3D($,#1190,#901,#902);
#881=AXIS2_PLACEMENT_3D($,#1190,#902,#903);
#882=AXIS2_PLACEMENT_3D($,#1190,#903,#901);
#883=VECTOR($,#901,1.);
#884=VECTOR($,#902,1.);
#885=VECTOR($,#903,1.);
#886=VECTOR($,#1024,1.);
#887=VECTOR($,#1034,1.);
#888=PLANE($,#880);
#889=PLANE($,#881);
#890=PLANE($,#882);
#891=DESIGNPRIMARYPLANE(.F.,'ZX-Plane',#888);
#892=DESIGNPRIMARYPLANE(.F.,'XY-Plane',#889);
#893=DESIGNPRIMARYPLANE(.F.,'YZ-Plane',#890);
#894=DESIGNASSEMBLY($,(#891,#892),(
'96A1126B-F180-4CEF-84B0-6867DDB0C266',
'B83CE163-85D7-47D7-9F26-1FAAA3650B31'),$,$,$,$,(),1,#821,1,1,7,1,(),(),
(),#879,#96,(#277,#235,#236,#237,#238,#278,#239,#243,#247,#251,#255,#259,
#264,#269,#260,#265,#270,#240,#244,#248,#252,#256,#279,#280,#241,#281,#282,
#283,#284,#285,#245,#249,#253,#257,#286,#287,#288,#289,#290,#274,#275,#276,
#291,#292,#293,#261,#262,#294,#295,#296,#242,#263,#297,#266,#267,#268,#271,
#272,#273,#246,#250,#254,#258,#298,#299,#300),(#716,#306,#307,#308,#717,
#718,#719,#720,#721,#722,#723,#724,#725,#726,#727,#728,#729,#730,#731,#732,
#733,#734,#735,#736,#737,#738,#739,#740,#741,#742,#743,#744,#745,#746,#747,
#748,#749,#750,#751,#752,#753,#754,#755,#756,#757,#758,#759,#760,#761,#309,
#762,#763,#764,#131,#765,#766,#767,#768,#769,#770,#771,#772,#773,#774,#775,
#776,#777,#778,#779,#780,#781,#782,#783,#784,#785,#786,#787,#788,#789,#790,
#791,#792),(),(),(#125,#126,#127,#128),#125,3);
#895=POINTVALUEPAIR('',#1189);
#896=CUSTOMORIENTATIONPAIR('viewRotation',(#895));
#897=EXTENTUV(#1187,#1188);
#898=DIRECTION($,(0.70710676908493,0.40824830532074,-0.577350258827209));
#899=DIRECTION($,(0.,0.816496610641479,0.577350258827209));
#900=DIRECTION($,(0.70710676908493,-0.40824830532074,0.577350258827209));
#901=DIRECTION($,(0.,1.,0.));
#902=DIRECTION($,(0.,0.,1.));
#903=DIRECTION($,(1.,0.,0.));
#904=DIRECTION($,(1.,0.,0.));
#905=DIRECTION($,(0.,1.,0.));
#906=DIRECTION($,(0.,0.,1.));
#907=DIRECTION($,(-0.917448532222985,-0.397854484355638,0.));
#908=DIRECTION($,(-0.397854484355638,0.917448532222985,0.));
#909=DIRECTION($,(0.,0.,-1.));
#910=DIRECTION($,(-0.917448532222985,-0.397854484355638,0.));
#911=DIRECTION($,(-0.397854484355638,0.917448532222985,0.));
#912=DIRECTION($,(0.,0.,-1.));
#913=DIRECTION($,(-0.917448532222985,-0.397854484355638,0.));
#914=DIRECTION($,(-0.397854484355638,0.917448532222985,0.));
#915=DIRECTION($,(0.,0.,-1.));
#916=DIRECTION($,(-0.917448532222985,-0.397854484355638,0.));
#917=DIRECTION($,(-0.397854484355638,0.917448532222985,0.));
#918=DIRECTION($,(0.,0.,-1.));
#919=DIRECTION($,(-4.324148607312E-015,-1.,-6.4657561277473E-033));
#920=DIRECTION($,(-2.0403778732085E-032,-6.46575612774722E-033,1.));
#921=DIRECTION($,(-1.,4.21312630484949E-015,-2.0403778732085E-032));
#922=DIRECTION($,(-3.49148133884309E-015,-1.,7.88860905221012E-031));
#923=DIRECTION($,(2.75429312952226E-045,7.88860905221012E-031,1.));
#924=DIRECTION($,(-1.,3.49148133884309E-015,-7.00649232162388E-045));
#925=DIRECTION($,(-1.,-2.77555756156289E-015,0.));
#926=DIRECTION($,(0.,0.,1.));
#927=DIRECTION($,(-2.77555756156289E-015,1.,0.));
#928=DIRECTION($,(-0.999999999999999,-2.99760216648792E-015,-6.12323399573676E-017));
#929=DIRECTION($,(-6.12323399573677E-017,9.98131930251989E-018,1.));
#930=DIRECTION($,(-2.99760216648792E-015,0.999999999999999,-9.98131930252006E-018));
#931=DIRECTION($,(-4.324148607312E-015,-1.,-6.4657561277473E-033));
#932=DIRECTION($,(-2.0403778732085E-032,-6.46575612774722E-033,1.));
#933=DIRECTION($,(-1.,4.21312630484949E-015,-2.0403778732085E-032));
#934=DIRECTION($,(-3.49148133884309E-015,-1.,7.88860905221012E-031));
#935=DIRECTION($,(2.75429312952226E-045,7.88860905221012E-031,1.));
#936=DIRECTION($,(-1.,3.49148133884309E-015,-7.00649232162388E-045));
#937=DIRECTION($,(-1.,-2.77555756156289E-015,0.));
#938=DIRECTION($,(0.,0.,1.));
#939=DIRECTION($,(-2.77555756156289E-015,1.,0.));
#940=DIRECTION($,(-0.999999999999999,-2.99760216648792E-015,-6.12323399573676E-017));
#941=DIRECTION($,(-6.12323399573677E-017,9.98131930251989E-018,1.));
#942=DIRECTION($,(-2.99760216648792E-015,0.999999999999999,-9.98131930252006E-018));
#943=DIRECTION($,(-4.324148607312E-015,-1.,-6.4657561277473E-033));
#944=DIRECTION($,(-2.0403778732085E-032,-6.46575612774722E-033,1.));
#945=DIRECTION($,(-1.,4.21312630484949E-015,-2.0403778732085E-032));
#946=DIRECTION($,(-3.49148133884309E-015,-1.,7.88860905221012E-031));
#947=DIRECTION($,(2.75429312952226E-045,7.88860905221012E-031,1.));
#948=DIRECTION($,(-1.,3.49148133884309E-015,-7.00649232162388E-045));
#949=DIRECTION($,(-1.,-2.77555756156289E-015,0.));
#950=DIRECTION($,(0.,0.,1.));
#951=DIRECTION($,(-2.77555756156289E-015,1.,0.));
#952=DIRECTION($,(-0.999999999999999,-2.99760216648792E-015,-6.12323399573676E-017));
#953=DIRECTION($,(-6.12323399573677E-017,9.98131930251989E-018,1.));
#954=DIRECTION($,(-2.99760216648792E-015,0.999999999999999,-9.98131930252006E-018));
#955=DIRECTION($,(-4.324148607312E-015,-1.,-6.4657561277473E-033));
#956=DIRECTION($,(-2.0403778732085E-032,-6.46575612774722E-033,1.));
#957=DIRECTION($,(-1.,4.21312630484949E-015,-2.0403778732085E-032));
#958=DIRECTION($,(-3.49148133884309E-015,-1.,7.88860905221012E-031));
#959=DIRECTION($,(2.75429312952226E-045,7.88860905221012E-031,1.));
#960=DIRECTION($,(-1.,3.49148133884309E-015,-7.00649232162388E-045));
#961=DIRECTION($,(-1.,-2.77555756156289E-015,0.));
#962=DIRECTION($,(0.,0.,1.));
#963=DIRECTION($,(-2.77555756156289E-015,1.,0.));
#964=DIRECTION($,(-0.999999999999999,-2.99760216648792E-015,-6.12323399573676E-017));
#965=DIRECTION($,(-6.12323399573677E-017,9.98131930251989E-018,1.));
#966=DIRECTION($,(-2.99760216648792E-015,0.999999999999999,-9.98131930252006E-018));
#967=DIRECTION($,(-4.324148607312E-015,-1.,-6.4657561277473E-033));
#968=DIRECTION($,(-2.0403778732085E-032,-6.46575612774722E-033,1.));
#969=DIRECTION($,(-1.,4.21312630484949E-015,-2.0403778732085E-032));
#970=DIRECTION($,(-3.49148133884309E-015,-1.,7.88860905221012E-031));
#971=DIRECTION($,(2.75429312952226E-045,7.88860905221012E-031,1.));
#972=DIRECTION($,(-1.,3.49148133884309E-015,-7.00649232162388E-045));
#973=DIRECTION($,(-1.,-2.77555756156289E-015,0.));
#974=DIRECTION($,(0.,0.,1.));
#975=DIRECTION($,(-2.77555756156289E-015,1.,0.));
#976=DIRECTION($,(-0.999999999999999,-2.99760216648792E-015,-6.12323399573676E-017));
#977=DIRECTION($,(-6.12323399573677E-017,9.98131930251989E-018,1.));
#978=DIRECTION($,(-2.99760216648792E-015,0.999999999999999,-9.98131930252006E-018));
#979=DIRECTION($,(5.29870017866662E-015,1.,-1.43299109347946E-016));
#980=DIRECTION($,(5.55111512312585E-017,1.43299109347946E-016,1.));
#981=DIRECTION($,(1.,-5.18767787620411E-015,-5.55111512312577E-017));
#982=DIRECTION($,(2.28824847970657E-015,1.,-3.94430452610506E-031));
#983=DIRECTION($,(-3.74476515644988E-046,3.94430452610506E-031,1.));
#984=DIRECTION($,(1.,-2.28824847970657E-015,3.02865447958697E-045));
#985=DIRECTION($,(-3.07739944638286E-015,-0.999999999999999,0.));
#986=DIRECTION($,(0.,0.,1.));
#987=DIRECTION($,(-0.999999999999999,2.99760216648792E-015,0.));
#988=DIRECTION($,(-3.49720252756924E-015,-1.,0.));
#989=DIRECTION($,(0.,0.,1.));
#990=DIRECTION($,(-1.,3.60822483003176E-015,0.));
#991=DIRECTION($,(0.999999999999999,-2.71834567430178E-016,-1.22464679914735E-016));
#992=DIRECTION($,(1.22464679914735E-016,-7.12136592598877E-017,1.));
#993=DIRECTION($,(-2.71834567430178E-016,-0.999999999999999,-7.12136592598876E-017));
#994=DIRECTION($,(5.29870017866662E-015,1.,-1.43299109347946E-016));
#995=DIRECTION($,(5.55111512312585E-017,1.43299109347946E-016,1.));
#996=DIRECTION($,(1.,-5.18767787620411E-015,-5.55111512312577E-017));
#997=DIRECTION($,(2.28824847970657E-015,1.,-3.94430452610506E-031));
#998=DIRECTION($,(-3.74476515644988E-046,3.94430452610506E-031,1.));
#999=DIRECTION($,(1.,-2.28824847970657E-015,3.02865447958697E-045));
#1000=DIRECTION($,(-3.07739944638286E-015,-0.999999999999999,0.));
#1001=DIRECTION($,(0.,0.,1.));
#1002=DIRECTION($,(-0.999999999999999,2.99760216648792E-015,0.));
#1003=DIRECTION($,(-3.49720252756924E-015,-1.,0.));
#1004=DIRECTION($,(0.,0.,1.));
#1005=DIRECTION($,(-1.,3.60822483003176E-015,0.));
#1006=DIRECTION($,(0.999999999999999,-2.71834567430178E-016,-1.22464679914735E-016));
#1007=DIRECTION($,(1.22464679914735E-016,-7.12136592598877E-017,1.));
#1008=DIRECTION($,(-2.71834567430178E-016,-0.999999999999999,-7.12136592598876E-017));
#1009=DIRECTION($,(5.29870017866662E-015,1.,-1.43299109347946E-016));
#1010=DIRECTION($,(5.55111512312585E-017,1.43299109347946E-016,1.));
#1011=DIRECTION($,(1.,-5.18767787620411E-015,-5.55111512312577E-017));
#1012=DIRECTION($,(2.28824847970657E-015,1.,-3.94430452610506E-031));
#1013=DIRECTION($,(-3.74476515644988E-046,3.94430452610506E-031,1.));
#1014=DIRECTION($,(1.,-2.28824847970657E-015,3.02865447958697E-045));
#1015=DIRECTION($,(-3.07739944638286E-015,-0.999999999999999,0.));
#1016=DIRECTION($,(0.,0.,1.));
#1017=DIRECTION($,(-0.999999999999999,2.99760216648792E-015,0.));
#1018=DIRECTION($,(-3.49720252756924E-015,-1.,0.));
#1019=DIRECTION($,(0.,0.,1.));
#1020=DIRECTION($,(-1.,3.60822483003176E-015,0.));
#1021=DIRECTION($,(0.999999999999999,-2.71834567430178E-016,-1.22464679914735E-016));
#1022=DIRECTION($,(1.22464679914735E-016,-7.12136592598877E-017,1.));
#1023=DIRECTION($,(-2.71834567430178E-016,-0.999999999999999,-7.12136592598876E-017));
#1024=DIRECTION($,(0.,0.,-1.));
#1025=DIRECTION($,(5.55111512312563E-017,1.,1.23259516440783E-032));
#1026=DIRECTION($,(1.,2.36283331620638E-030,-1.22464679914735E-016));
#1027=DIRECTION($,(-1.22464679914736E-016,1.66533453693774E-016,-1.));
#1028=DIRECTION($,(5.55111512312563E-017,1.,1.23259516440783E-032));
#1029=DIRECTION($,(1.,2.36283331620638E-030,-1.22464679914735E-016));
#1030=DIRECTION($,(-1.22464679914736E-016,1.66533453693774E-016,-1.));
#1031=DIRECTION($,(5.55111512312563E-017,1.,1.23259516440783E-032));
#1032=DIRECTION($,(1.,2.36283331620638E-030,-1.22464679914735E-016));
#1033=DIRECTION($,(-1.22464679914736E-016,1.66533453693774E-016,-1.));
#1034=DIRECTION($,(6.12323399573677E-017,0.,-1.));
#1035=DIRECTION($,(0.,0.,1.));
#1036=DIRECTION($,(-2.77555756156289E-016,1.,0.));
#1037=DIRECTION($,(-1.,-2.22044604925031E-016,0.));
#1038=DIRECTION($,(1.,-8.88178419700125E-016,-8.88178419700125E-016));
#1039=DIRECTION($,(-8.88178419700125E-016,7.99261920383233E-031,-1.));
#1040=DIRECTION($,(8.88178419700125E-016,1.,1.04010151622213E-032));
#1041=DIRECTION($,(-1.,-2.77555756156289E-015,0.));
#1042=DIRECTION($,(0.,0.,1.));
#1043=DIRECTION($,(-2.77555756156289E-015,1.,0.));
#1044=DIRECTION($,(-1.,-4.91273688396632E-015,0.));
#1045=DIRECTION($,(0.,0.,1.));
#1046=DIRECTION($,(-4.96824803519758E-015,1.,0.));
#1047=DIRECTION($,(-1.,-2.77555756156289E-016,0.));
#1048=DIRECTION($,(0.,0.,-1.));
#1049=DIRECTION($,(3.33066907387547E-016,-1.,0.));
#1050=DIRECTION($,(0.,0.,1.));
#1051=DIRECTION($,(0.,1.,0.));
#1052=DIRECTION($,(-1.,0.,0.));
#1053=DIRECTION($,(1.,2.22044604925031E-016,4.93038065763132E-032));
#1054=DIRECTION($,(-4.9303806576313E-032,-1.66533453693774E-016,1.));
#1055=DIRECTION($,(2.77555756156289E-016,-1.,-6.90253292068385E-031));
#1056=DIRECTION($,(1.,-2.72004641033163E-015,-4.10536659470161E-048));
#1057=DIRECTION($,(-2.05268329735081E-048,-2.27116632425124E-033,1.));
#1058=DIRECTION($,(-2.66453525910038E-015,-1.,-2.27116632425124E-033));
#1059=DIRECTION($,(1.,3.49720252756924E-015,0.));
#1060=DIRECTION($,(-3.49720252756924E-015,1.,0.));
#1061=DIRECTION($,(0.,0.,1.));
#1062=DIRECTION($,(1.,0.,0.));
#1063=DIRECTION($,(0.,1.,0.));
#1064=DIRECTION($,(0.,0.,1.));
#1065=DIRECTION($,(5.3857993746098E-015,-1.,-6.12323399573678E-017));
#1066=DIRECTION($,(-6.12323399573675E-017,-6.12323399573679E-017,1.));
#1067=DIRECTION($,(-1.,-5.3857993746098E-015,-6.12323399573678E-017));
#1068=DIRECTION($,(3.52642466643932E-015,-1.,-1.78605938705657E-016));
#1069=DIRECTION($,(-3.11678106803213E-015,-1.78605938705668E-016,1.));
#1070=DIRECTION($,(-1.,-3.52642466643932E-015,-3.11678106803213E-015));
#1071=DIRECTION($,(1.80721883982349E-015,1.,-1.43299109347946E-016));
#1072=DIRECTION($,(5.5511151231258E-017,1.43299109347946E-016,1.));
#1073=DIRECTION($,(1.,-1.69619653736098E-015,-5.55111512312577E-017));
#1074=DIRECTION($,(2.28824847970657E-015,1.,-3.94430452610506E-031));
#1075=DIRECTION($,(-3.74476515644988E-046,3.94430452610506E-031,1.));
#1076=DIRECTION($,(1.,-2.28824847970657E-015,3.02865447958697E-045));
#1077=DIRECTION($,(1.,6.77271714154618E-015,3.00070190534665E-016));
#1078=DIRECTION($,(-6.77271714154618E-015,1.,-5.70764618301576E-031));
#1079=DIRECTION($,(-3.00070190534665E-016,7.03852101942868E-031,1.));
#1080=DIRECTION($,(1.,1.33877591193802E-015,-2.14292062134982E-015));
#1081=DIRECTION($,(-1.33877591193802E-015,1.,9.05526662158478E-030));
#1082=DIRECTION($,(2.14292062134982E-015,3.84780941808533E-029,1.));
#1083=DIRECTION($,(-1.,-2.77555756156289E-015,0.));
#1084=DIRECTION($,(0.,0.,1.));
#1085=DIRECTION($,(-2.77555756156289E-015,1.,0.));
#1086=DIRECTION($,(1.,5.72118872611212E-018,-6.12323399573675E-017));
#1087=DIRECTION($,(6.12323399573677E-017,-1.22464679914735E-016,1.));
#1088=DIRECTION($,(6.12323399573699E-017,-1.,-1.22464679914735E-016));
#1089=DIRECTION($,(1.,-3.16066617322974E-015,0.));
#1090=DIRECTION($,(0.,0.,1.));
#1091=DIRECTION($,(-2.89698820488127E-015,-1.,0.));
#1092=DIRECTION($,(1.,0.,0.));
#1093=DIRECTION($,(0.,1.,0.));
#1094=DIRECTION($,(0.,0.,1.));
#1095=DIRECTION($,(0.707106781186548,-0.707106781186548,0.));
#1096=DIRECTION($,(0.707106781186548,0.707106781186548,0.));
#1097=DIRECTION($,(0.,0.,1.));
#1098=DIRECTION($,(3.14794482197074E-030,1.,-6.12323399573679E-017));
#1099=DIRECTION($,(-1.83697019872103E-016,6.12323399573679E-017,1.));
#1100=DIRECTION($,(1.,-3.14794482197074E-030,1.83697019872103E-016));
#1101=DIRECTION($,(1.,5.72118872610975E-018,-6.12323399573674E-017));
#1102=DIRECTION($,(6.12323399573674E-017,-5.3075740875663E-017,1.));
#1103=DIRECTION($,(6.12323399573676E-017,-1.,-5.3075740875663E-017));
#1104=DIRECTION($,(1.,0.,0.));
#1105=DIRECTION($,(0.,0.,1.));
#1106=DIRECTION($,(0.,-1.,0.));
#1107=DIRECTION($,(-1.,-2.77555756156289E-015,0.));
#1108=DIRECTION($,(0.,0.,1.));
#1109=DIRECTION($,(-2.77555756156289E-015,1.,0.));
#1110=DIRECTION($,(1.,1.33877591193802E-015,-2.14292062134982E-015));
#1111=DIRECTION($,(-1.33877591193802E-015,1.,9.05526662158478E-030));
#1112=DIRECTION($,(2.14292062134982E-015,3.84780941808533E-029,1.));
#1113=CARTESIAN_TRANSFORMATION_OPERATOR_3D($,$,$,#898,#899,#1186,1.,#900);
#1114=CARTESIAN_TRANSFORMATION_OPERATOR_3D($,$,$,#907,#908,#1191,1.,#909);
#1115=CARTESIAN_TRANSFORMATION_OPERATOR_3D($,$,$,#910,#911,#1192,1.,#912);
#1116=CARTESIAN_TRANSFORMATION_OPERATOR_3D($,$,$,#913,#914,#1193,1.,#915);
#1117=CARTESIAN_TRANSFORMATION_OPERATOR_3D($,$,$,#916,#917,#1194,1.,#918);
#1118=CARTESIAN_TRANSFORMATION_OPERATOR_3D($,$,$,#919,#920,#1195,1.,#921);
#1119=CARTESIAN_TRANSFORMATION_OPERATOR_3D($,$,$,#922,#923,#1196,1.,#924);
#1120=CARTESIAN_TRANSFORMATION_OPERATOR_3D($,$,$,#925,#926,#1197,1.,#927);
#1121=CARTESIAN_TRANSFORMATION_OPERATOR_3D($,$,$,#928,#929,#1198,1.,#930);
#1122=CARTESIAN_TRANSFORMATION_OPERATOR_3D($,$,$,#931,#932,#1199,1.,#933);
#1123=CARTESIAN_TRANSFORMATION_OPERATOR_3D($,$,$,#934,#935,#1200,1.,#936);
#1124=CARTESIAN_TRANSFORMATION_OPERATOR_3D($,$,$,#937,#938,#1201,1.,#939);
#1125=CARTESIAN_TRANSFORMATION_OPERATOR_3D($,$,$,#940,#941,#1202,1.,#942);
#1126=CARTESIAN_TRANSFORMATION_OPERATOR_3D($,$,$,#943,#944,#1203,1.,#945);
#1127=CARTESIAN_TRANSFORMATION_OPERATOR_3D($,$,$,#946,#947,#1204,1.,#948);
#1128=CARTESIAN_TRANSFORMATION_OPERATOR_3D($,$,$,#949,#950,#1205,1.,#951);
#1129=CARTESIAN_TRANSFORMATION_OPERATOR_3D($,$,$,#952,#953,#1206,1.,#954);
#1130=CARTESIAN_TRANSFORMATION_OPERATOR_3D($,$,$,#955,#956,#1207,1.,#957);
#1131=CARTESIAN_TRANSFORMATION_OPERATOR_3D($,$,$,#958,#959,#1208,1.,#960);
#1132=CARTESIAN_TRANSFORMATION_OPERATOR_3D($,$,$,#961,#962,#1209,1.,#963);
#1133=CARTESIAN_TRANSFORMATION_OPERATOR_3D($,$,$,#964,#965,#1210,1.,#966);
#1134=CARTESIAN_TRANSFORMATION_OPERATOR_3D($,$,$,#967,#968,#1211,1.,#969);
#1135=CARTESIAN_TRANSFORMATION_OPERATOR_3D($,$,$,#970,#971,#1212,1.,#972);
#1136=CARTESIAN_TRANSFORMATION_OPERATOR_3D($,$,$,#973,#974,#1213,1.,#975);
#1137=CARTESIAN_TRANSFORMATION_OPERATOR_3D($,$,$,#976,#977,#1214,1.,#978);
#1138=CARTESIAN_TRANSFORMATION_OPERATOR_3D($,$,$,#979,#980,#1215,1.,#981);
#1139=CARTESIAN_TRANSFORMATION_OPERATOR_3D($,$,$,#982,#983,#1216,1.,#984);
#1140=CARTESIAN_TRANSFORMATION_OPERATOR_3D($,$,$,#985,#986,#1217,1.,#987);
#1141=CARTESIAN_TRANSFORMATION_OPERATOR_3D($,$,$,#988,#989,#1218,1.,#990);
#1142=CARTESIAN_TRANSFORMATION_OPERATOR_3D($,$,$,#991,#992,#1219,1.,#993);
#1143=CARTESIAN_TRANSFORMATION_OPERATOR_3D($,$,$,#994,#995,#1220,1.,#996);
#1144=CARTESIAN_TRANSFORMATION_OPERATOR_3D($,$,$,#997,#998,#1221,1.,#999);
#1145=CARTESIAN_TRANSFORMATION_OPERATOR_3D($,$,$,#1000,#1001,#1222,1.,#1002);
#1146=CARTESIAN_TRANSFORMATION_OPERATOR_3D($,$,$,#1003,#1004,#1223,1.,#1005);
#1147=CARTESIAN_TRANSFORMATION_OPERATOR_3D($,$,$,#1006,#1007,#1224,1.,#1008);
#1148=CARTESIAN_TRANSFORMATION_OPERATOR_3D($,$,$,#1009,#1010,#1225,1.,#1011);
#1149=CARTESIAN_TRANSFORMATION_OPERATOR_3D($,$,$,#1012,#1013,#1226,1.,#1014);
#1150=CARTESIAN_TRANSFORMATION_OPERATOR_3D($,$,$,#1015,#1016,#1227,1.,#1017);
#1151=CARTESIAN_TRANSFORMATION_OPERATOR_3D($,$,$,#1018,#1019,#1228,1.,#1020);
#1152=CARTESIAN_TRANSFORMATION_OPERATOR_3D($,$,$,#1021,#1022,#1229,1.,#1023);
#1153=CARTESIAN_TRANSFORMATION_OPERATOR_3D($,$,$,#1025,#1026,#1230,1.,#1027);
#1154=CARTESIAN_TRANSFORMATION_OPERATOR_3D($,$,$,#1028,#1029,#1231,1.,#1030);
#1155=CARTESIAN_TRANSFORMATION_OPERATOR_3D($,$,$,#1031,#1032,#1232,1.,#1033);
#1156=CARTESIAN_TRANSFORMATION_OPERATOR_3D($,$,$,#1035,#1036,#1233,1.,#1037);
#1157=CARTESIAN_TRANSFORMATION_OPERATOR_3D($,$,$,#1038,#1039,#1234,1.,#1040);
#1158=CARTESIAN_TRANSFORMATION_OPERATOR_3D($,$,$,#1041,#1042,#1235,1.,#1043);
#1159=CARTESIAN_TRANSFORMATION_OPERATOR_3D($,$,$,#1044,#1045,#1236,1.,#1046);
#1160=CARTESIAN_TRANSFORMATION_OPERATOR_3D($,$,$,#1047,#1048,#1237,1.,#1049);
#1161=CARTESIAN_TRANSFORMATION_OPERATOR_3D($,$,$,#1050,#1051,#1238,1.,#1052);
#1162=CARTESIAN_TRANSFORMATION_OPERATOR_3D($,$,$,#1053,#1054,#1239,1.,#1055);
#1163=CARTESIAN_TRANSFORMATION_OPERATOR_3D($,$,$,#1056,#1057,#1240,1.,#1058);
#1164=CARTESIAN_TRANSFORMATION_OPERATOR_3D($,$,$,#1059,#1060,#1241,1.,#1061);
#1165=CARTESIAN_TRANSFORMATION_OPERATOR_3D($,$,$,#1062,#1063,#1242,1.,#1064);
#1166=CARTESIAN_TRANSFORMATION_OPERATOR_3D($,$,$,#1065,#1066,#1243,1.,#1067);
#1167=CARTESIAN_TRANSFORMATION_OPERATOR_3D($,$,$,#1068,#1069,#1244,1.,#1070);
#1168=CARTESIAN_TRANSFORMATION_OPERATOR_3D($,$,$,#1071,#1072,#1245,1.,#1073);
#1169=CARTESIAN_TRANSFORMATION_OPERATOR_3D($,$,$,#1074,#1075,#1246,1.,#1076);
#1170=CARTESIAN_TRANSFORMATION_OPERATOR_3D($,$,$,#1077,#1078,#1247,1.,#1079);
#1171=CARTESIAN_TRANSFORMATION_OPERATOR_3D($,$,$,#1080,#1081,#1248,1.,#1082);
#1172=CARTESIAN_TRANSFORMATION_OPERATOR_3D($,$,$,#1083,#1084,#1249,1.,#1085);
#1173=CARTESIAN_TRANSFORMATION_OPERATOR_3D($,$,$,#1086,#1087,#1250,1.,#1088);
#1174=CARTESIAN_TRANSFORMATION_OPERATOR_3D($,$,$,#1089,#1090,#1251,1.,#1091);
#1175=CARTESIAN_TRANSFORMATION_OPERATOR_3D($,$,$,#1092,#1093,#1252,1.,#1094);
#1176=CARTESIAN_TRANSFORMATION_OPERATOR_3D($,$,$,#1095,#1096,#1253,1.,#1097);
#1177=CARTESIAN_TRANSFORMATION_OPERATOR_3D($,$,$,#1098,#1099,#1254,1.,#1100);
#1178=CARTESIAN_TRANSFORMATION_OPERATOR_3D($,$,$,#1101,#1102,#1255,1.,#1103);
#1179=CARTESIAN_TRANSFORMATION_OPERATOR_3D($,$,$,#1104,#1105,#1256,1.,#1106);
#1180=CARTESIAN_TRANSFORMATION_OPERATOR_3D($,$,$,#1107,#1108,#1257,1.,#1109);
#1181=CARTESIAN_TRANSFORMATION_OPERATOR_3D($,$,$,#1110,#1111,#1258,1.,#1112);
#1182=ORIENTATIONCOLLECTION('',#1113,#897);
#1183=ORIENTATIONPAIR('viewOrientation',(#1182));
#1184=LINEPATTERN((),'','1');
#1185=CARTESIAN_POINT($,(0.,0.));
#1186=CARTESIAN_POINT($,(0.,0.,0.));
#1187=CARTESIAN_POINT($,(-12.5473308563232,-11.3121461868286));
#1188=CARTESIAN_POINT($,(15.6593074798584,9.60064792633057));
#1189=CARTESIAN_POINT($,(8.88178419700125E-016,0.,4.0553567008877));
#1190=CARTESIAN_POINT($,(0.,0.,0.));
#1191=CARTESIAN_POINT($,(-6.215,3.7,-0.417784622154292));
#1192=CARTESIAN_POINT($,(-6.215,-3.8,-0.417784622154292));
#1193=CARTESIAN_POINT($,(6.485,3.7,-0.417784622154292));
#1194=CARTESIAN_POINT($,(6.485,-3.8,-0.417784622154292));
#1195=CARTESIAN_POINT($,(-1.75251564037111,-3.42709204393661,0.374999999999999));
#1196=CARTESIAN_POINT($,(-1.75251564037111,-4.63709204393661,0.579839285714287));
#1197=CARTESIAN_POINT($,(-1.24749214388615,-1.64704512399544,1.625));
#1198=CARTESIAN_POINT($,(-1.24685275457122,-3.21525143264961,0.849824398130579));
#1199=CARTESIAN_POINT($,(-0.33251564037111,-3.42709204393661,0.374999999999999));
#1200=CARTESIAN_POINT($,(-0.332515640371114,-4.63709204393661,0.579839285714287));
#1201=CARTESIAN_POINT($,(0.172507856113854,-1.64704512399544,1.625));
#1202=CARTESIAN_POINT($,(0.173147245428779,-3.21525143264961,0.849824398130579));
#1203=CARTESIAN_POINT($,(1.08748435962889,-3.42709204393661,0.374999999999999));
#1204=CARTESIAN_POINT($,(1.08748435962889,-4.63709204393661,0.579839285714287));
#1205=CARTESIAN_POINT($,(1.59250785611385,-1.64704512399544,1.625));
#1206=CARTESIAN_POINT($,(1.59314724542878,-3.21525143264961,0.849824398130579));
#1207=CARTESIAN_POINT($,(2.50748435962889,-3.42709204393661,0.374999999999999));
#1208=CARTESIAN_POINT($,(2.50748435962889,-4.63709204393661,0.579839285714287));
#1209=CARTESIAN_POINT($,(3.01250785611385,-1.64704512399544,1.625));
#1210=CARTESIAN_POINT($,(3.01314724542878,-3.21525143264961,0.849824398130579));
#1211=CARTESIAN_POINT($,(3.92748435962889,-3.42709204393661,0.374999999999999));
#1212=CARTESIAN_POINT($,(3.92748435962889,-4.63709204393661,0.579839285714287));
#1213=CARTESIAN_POINT($,(4.43250785611385,-1.64704512399544,1.625));
#1214=CARTESIAN_POINT($,(4.43314724542878,-3.21525143264961,0.849824398130579));
#1215=CARTESIAN_POINT($,(0.900233996088963,3.33144334718072,0.374999999999999));
#1216=CARTESIAN_POINT($,(0.916233996088961,4.54144334718073,0.579839285714287));
#1217=CARTESIAN_POINT($,(0.660100186732832,1.94835055249651,0.324999999999999));
#1218=CARTESIAN_POINT($,(-0.0629559428457253,0.650490325434223,1.61925949185996));
#1219=CARTESIAN_POINT($,(0.896182113836362,0.744664528274291,0.849824398130579));
#1220=CARTESIAN_POINT($,(2.55023399608896,3.33144334718072,0.374999999999999));
#1221=CARTESIAN_POINT($,(2.56623399608896,4.54144334718073,0.579839285714287));
#1222=CARTESIAN_POINT($,(2.31010018673283,1.94835055249651,0.324999999999999));
#1223=CARTESIAN_POINT($,(1.58704405715427,0.650490325434223,1.61925949185996));
#1224=CARTESIAN_POINT($,(2.54618211383636,0.744664528274291,0.849824398130579));
#1225=CARTESIAN_POINT($,(4.20023399608896,3.33144334718072,0.374999999999999));
#1226=CARTESIAN_POINT($,(4.21623399608896,4.54144334718073,0.579839285714287));
#1227=CARTESIAN_POINT($,(3.96010018673283,1.94835055249651,0.324999999999999));
#1228=CARTESIAN_POINT($,(3.23704405715427,0.650490325434223,1.61925949185996));
#1229=CARTESIAN_POINT($,(4.19618211383636,0.744664528274291,0.849824398130579));
#1230=CARTESIAN_POINT($,(5.97987324841609,1.25116605149094,1.125));
#1231=CARTESIAN_POINT($,(5.97987324841609,-0.0288339485090601,1.125));
#1232=CARTESIAN_POINT($,(5.97987324841609,-1.30883394850906,1.125));
#1233=CARTESIAN_POINT($,(0.,-3.43663235664368,-0.625));
#1234=CARTESIAN_POINT($,(-4.7777321150864,1.37720396441631,1.595));
#1235=CARTESIAN_POINT($,(-2.15132068415042,0.388872927715023,1.625));
#1236=CARTESIAN_POINT($,(-1.08349153255134,3.62847202669784,0.324999999999999));
#1237=CARTESIAN_POINT($,(0.0999999999999997,-0.0499999999999962,-0.175000000000001));
#1238=CARTESIAN_POINT($,(0.0949999999999989,-0.0499999999999988,-0.175));
#1239=CARTESIAN_POINT($,(0.109999999999999,-0.0449999999999968,5.025));
#1240=CARTESIAN_POINT($,(3.67780043145866,4.344,0.324999999999999));
#1241=CARTESIAN_POINT($,(0.134997166388208,-0.0499999999999796,0.174999999999999));
#1242=CARTESIAN_POINT($,(-1.00454094787792,3.53672560932181,0.624999999999999));
#1243=CARTESIAN_POINT($,(-4.797244360257,-3.42953152679485,0.374999999999999));
#1244=CARTESIAN_POINT($,(-4.81724436025699,-4.62953152679486,0.561999999999932));
#1245=CARTESIAN_POINT($,(-3.79836245656713,3.33108758926392,0.374999999999999));
#1246=CARTESIAN_POINT($,(-3.78636245656712,4.53108758926393,0.561999999999936));
#1247=CARTESIAN_POINT($,(-2.33241229047135,4.395,0.877299999999999));
#1248=CARTESIAN_POINT($,(-2.08748938979132,4.395,0.877299999999999));
#1249=CARTESIAN_POINT($,(-4.28022673971904,-1.64919681032383,1.625));
#1250=CARTESIAN_POINT($,(-3.35213919400291,-2.83101789473139,0.332499999999999));
#1251=CARTESIAN_POINT($,(-5.84682803042686,-1.12323373166909,0.394999999999999));
#1252=CARTESIAN_POINT($,(-3.80266842486372,-2.7352509892198,-0.272329085429142));
#1253=CARTESIAN_POINT($,(-4.48198819379903,-0.696237523821519,2.03172448031309));
#1254=CARTESIAN_POINT($,(5.13424702090082,-2.91612165151699,0.324999999999999));
#1255=CARTESIAN_POINT($,(-0.930595815181732,-0.957805515825747,0.349999999999999));
#1256=CARTESIAN_POINT($,(-2.21138870092913,-0.739176331532126,1.325));
#1257=CARTESIAN_POINT($,(0.339602216529601,0.405389194353195,1.625));
#1258=CARTESIAN_POINT($,(-2.07841229047135,4.395,0.877299999999999));
#1259=ANGLEUV(0.785398163397448);
#1260=ANGLEUV(1.5707963267949);
#1261=ANGLEUV(0.);
#1262=ANGLEUV(4.71238898038469);
#1263=HATCHSEGMENT(#1259,#1185,0.,0.125,#1184);
#1264=HATCHPATTERN('ANSI31',
'ANSI31 (Iron BrickStone), ANSI Iron, Brick, Stone masonry',(#1263));
#1265=HATCHPATTERNPAIR('Hatch Pattern',#1264);
#1266=FONTDESCRIPTION('Arial',12.,0,0,.F.,.F.,.F.,1,0);
#1267=FONTDESCRIPTION('Arial',12.,0,0,.F.,.F.,.F.,1,0);
#1268=FONTDESCRIPTION('Arial',16.,0,0,.F.,.F.,.F.,1,0);
#1269=FONTDESCRIPTION('Arial',16.,0,0,.F.,.F.,.F.,1,0);
#1270=FONTDESCRIPTION('Arial',16.,0,0,.F.,.F.,.F.,1,0);
#1271=FONTDESCRIPTION('Arial',16.,0,0,.F.,.F.,.F.,1,0);
#1272=FONTDESCRIPTION('Arial',16.,0,0,.F.,.F.,.F.,1,0);
#1273=FONTDESCRIPTIONPAIR('Dimension Text Font',#1266);
#1274=FONTDESCRIPTIONPAIR('Tolerance Font',#1267);
#1275=FONTDESCRIPTIONPAIR('Detail View Font',#1268);
#1276=FONTDESCRIPTIONPAIR('Section View Font',#1269);
#1277=FONTDESCRIPTIONPAIR('View Scale Note Font',#1270);
#1278=FONTDESCRIPTIONPAIR('Detail View Annotation Font',#1271);
#1279=FONTDESCRIPTIONPAIR('Section View Annotation Font',#1272);
#1280=BOOLEANVALUEPAIR('Text Size In Points',.F.);
#1281=BOOLEANVALUEPAIR('Show Dimension Units',.F.);
#1282=BOOLEANVALUEPAIR('Show Leading Zero',.T.);
#1283=BOOLEANVALUEPAIR('Trailing Zeros Status',.F.);
#1284=BOOLEANVALUEPAIR('Use Adaptive Meshing',.F.);
#1285=BOOLEANVALUEPAIR('Use Density Material',.T.);
#1286=BOOLEANVALUEPAIR('Apply Material to Part Data',.T.);
#1287=BOOLEANVALUEPAIR('Show Dual Dimensions',.F.);
#1288=BOOLEANVALUEPAIR('Dual Show Leading Zero',.F.);
#1289=BOOLEANVALUEPAIR('Dual Trailing Zeros Status',.T.);
#1290=BOOLEANVALUEPAIR('Show Equations',.F.);
#1291=BOOLEANVALUEPAIR('Enable Circular Center Line Dimension',.T.);
#1292=BOOLEANVALUEPAIR(
'Show Circular Center Line Dimension As Diametric',.F.);
#1293=BOOLEANVALUEPAIR('BAM_CoarseDisplay',.T.);
#1294=BOOLEANVALUEPAIR('BAM_SimplifiedMeshes',.F.);
#1295=BOOLEANVALUEPAIR('BAM_RemoveDetails',.T.);
#1296=BOOLEANVALUEPAIR('BAM_RemoveEdges',.T.);
#1297=BOOLEANVALUEPAIR('BAM_MousePause',.T.);
#1298=BOOLEANVALUEPAIR('Dimension Show Parenthesis',.F.);
#1299=BOOLEANVALUEPAIR('Browser Properties\\Browser Is Maximized',.T.);
#1300=BOOLEANVALUEPAIR('Browser Properties\\Browser Explorer Is Visible',
 .T.);
#1301=BOOLEANVALUEPAIR('viewMode',.F.);
#1302=BOOLEANVALUEPAIR('Show Pitch Circle Diameters',.T.);
#1303=BOOLEANVALUEPAIR('Show Tangent Center Marks',.F.);
#1304=BOOLEANVALUEPAIR('Show Linear Pattern Centers',.T.);
#1305=BOOLEANVALUEPAIR('Rotate Linear Pattern Centers',.T.);
#1306=REALVALUEPAIR('Distance Increment V7',0.01);
#1307=REALVALUEPAIR('Angle Increments',0.0174532925199433);
#1308=REALVALUEPAIR('Auto Explode Distance',0.1);
#1309=REALVALUEPAIR('Text Size',8.25);
#1310=REALVALUEPAIR('Density',0.00784);
#1311=REALVALUEPAIR('Arrow Length',1.524);
#1312=REALVALUEPAIR('Arrow Width',0.635);
#1313=REALVALUEPAIR('Arrow Second Length',1.524);
#1314=REALVALUEPAIR('Arrow Second Width',0.635);
#1315=REALVALUEPAIR('Dimension Line Overshoot',6.35);
#1316=REALVALUEPAIR('Extention Gap',1.5875);
#1317=REALVALUEPAIR('Extention Overshoot',1.5875);
#1318=REALVALUEPAIR('Shoulder Length',6.35);
#1319=REALVALUEPAIR('Text Gap',1.5875);
#1320=REALVALUEPAIR('Annotation Arrow Length',1.524);
#1321=REALVALUEPAIR('Aannotation Arrow Width',0.635);
#1322=REALVALUEPAIR('Tolerance Lower Value',0.);
#1323=REALVALUEPAIR('Tolerance Lower Angle Value',0.);
#1324=REALVALUEPAIR('Tolerance Upper Value',0.);
#1325=REALVALUEPAIR('Tolerance Upper Angle Value',0.);
#1326=REALVALUEPAIR('Hatching Scale',1.);
#1327=REALVALUEPAIR('Hatching Angle',0.);
#1328=REALVALUEPAIR('Browser Properties\\Browser Height',1.);
#1329=REALVALUEPAIR('Browser Properties\\Browser Width',1.);
#1330=REALVALUEPAIR('Browser Properties\\Browser Location X',0.);
#1331=REALVALUEPAIR('Browser Properties\\Browser Location Y',0.);
#1332=REALVALUEPAIR('Broken View Annotation Offset',2.54);
#1333=REALVALUEPAIR('Broken View Gap Width',7.62);
#1334=REALVALUEPAIR('Hatching Start Offset',0.);
#1335=MEASUREMENTSEGMENTFORMAT(10.,.F.,.T.,1,'','','mm',1,2,0,1.,2,.T.);
#1336=MEASUREMENTSEGMENTFORMAT(10.,.F.,.T.,1,'','','mm',1,2,0,1.,2,.T.);
#1337=MEASUREMENTSEGMENTFORMAT(1.,.F.,.T.,1,'','','\X2\02DA\X0\',1,2,0,0.0174532925199433,
2,.F.);
#1338=MEASUREMENTSEGMENTFORMAT(10.,.F.,.T.,1,'','','mm',1,3,0,1.,1,.F.);
#1339=MEASUREMENTFORMAT((#1335),'','',0,.F.);
#1340=MEASUREMENTFORMAT((#1336),'','',0,.F.);
#1341=MEASUREMENTFORMAT((#1337),'','',0,.F.);
#1342=MEASUREMENTFORMAT((#1338),'','',0,.F.);
#1343=MEASUREMENTFORMATPAIR('Distance Format',#1339);
#1344=MEASUREMENTFORMATPAIR('Volume Format',#1340);
#1345=MEASUREMENTFORMATPAIR('Angle Format',#1341);
#1346=MEASUREMENTFORMATPAIR('Dual Distance Format',#1342);
#1347=STRINGVALUEPAIR('name','SC20-V2');
#1348=STRINGVALUEPAIR('description','');
#1349=STRINGVALUEPAIR('number','');
#1350=STRINGVALUEPAIR('Version_Comment','');
#1351=STRINGVALUEPAIR('Default Units','cm');
#1352=STRINGVALUEPAIR('Density Material Name',
'Carbon Steel(0.40% C)      ');
#1353=STRINGVALUEPAIR('Diameter Symbol','\X2\2205\X0\');
#1354=STRINGVALUEPAIR('Radius Symbol','R');
#1355=STRINGVALUEPAIR('THRU Symbol','THRU');
#1356=STRINGVALUEPAIR('MIN Symbol','MIN');
#1357=STRINGVALUEPAIR('MAX Symbol','MAX');
#1358=STRINGVALUEPAIR('Default Dimension Style Name','Default');
#1359=STRINGVALUEPAIR('Hatch Category','Material');
#1360=STRINGVALUEPAIR('snapshot','unknown');
#1361=STRINGVALUEPAIR('__MinorVersionNumber','1');
#1362=STRINGVALUEPAIR(
'constituents\\<Repository Guid="CC3D4A9F-1B2A-4B08-82DA-F99D11709725" 
Name="C" V3Name="" Type="File"/>:/Users/Eduardo-PC/Documents/CAD/Tecnit
ower/Biblioteca/Alibre/Accesorios_electricos/PD05/Partes/Tornillo_PD|DE
D3A8B2-339C-4D13-B860-A267431C1A45||1|3','');
#1363=STRINGVALUEPAIR(
'constituents\\<Repository Guid="CC3D4A9F-1B2A-4B08-82DA-F99D11709725" 
Name="C" V3Name="" Type="File"/>:/Users/Eduardo-PC/Documents/CAD/Tecnit
ower/Biblioteca/Alibre/Electronica/Led_5mm_corto|47223C04-10CC-4F6C-B2F
2-4CB4C1F4BBCF||1|4','');
#1364=STRINGVALUEPAIR(
'constituents\\<Repository Guid="CC3D4A9F-1B2A-4B08-82DA-F99D11709725" 
Name="C" V3Name="" Type="File"/>:/Users/Eduardo-PC/Documents/CAD/Tecnit
ower/Biblioteca/Alibre/Electronica/TS-6x6-WP|F95149F0-6F9D-4BB7-8AB0-7C
68FC59EBFF||1|1','');
#1365=STRINGVALUEPAIR(
'constituents\\<Repository Guid="CC3D4A9F-1B2A-4B08-82DA-F99D11709725" 
Name="C" V3Name="" Type="File"/>:/Users/Eduardo-PC/Documents/CAD/Tecnit
ower/Biblioteca/Alibre/Electronica/Opto-triac|720BBE84-F2D2-47C0-989E-E
FBED83725EE||1|2','');
#1366=STRINGVALUEPAIR(
'constituents\\<Repository Guid="CC3D4A9F-1B2A-4B08-82DA-F99D11709725" 
Name="C" V3Name="" Type="File"/>:/Users/Eduardo-PC/Documents/CAD/Tecnit
ower/Biblioteca/Alibre/Electronica/PIC16F883|74354301-9F67-40FD-9346-93
1DB564D9B5||1|4','');
#1367=STRINGVALUEPAIR(
'constituents\\<Repository Guid="CC3D4A9F-1B2A-4B08-82DA-F99D11709725" 
Name="C" V3Name="" Type="File"/>:/Users/Eduardo-PC/Documents/CAD/Tecnit
ower/Biblioteca/Alibre/Accesorios_electricos/PD05/Partes/Cuerpo Chillem
i R840T|3DC91598-44D8-489A-A7E9-361D36BD57BC||1|9','');
#1368=STRINGVALUEPAIR(
'constituents\\<Repository Guid="CC3D4A9F-1B2A-4B08-82DA-F99D11709725" 
Name="C" V3Name="" Type="File"/>:/Users/Eduardo-PC/Documents/CAD/Tecnit
ower/Biblioteca/Alibre/Electronica/7 Segmentos led|A163141F-F955-43D2-A
6E5-D59649BDD592||1|2','');
#1369=STRINGVALUEPAIR(
'constituents\\<Repository Guid="CC3D4A9F-1B2A-4B08-82DA-F99D11709725" 
Name="C" V3Name="" Type="File"/>:/Users/Eduardo-PC/Documents/CAD/Tecnit
ower/Biblioteca/Alibre/Electronica/TO92|597D5CFA-CFFD-4A20-A538-9B0C0D0
0A829||1|3','');
#1370=STRINGVALUEPAIR(
'constituents\\<Repository Guid="CC3D4A9F-1B2A-4B08-82DA-F99D11709725" 
Name="C" V3Name="" Type="File"/>:/Users/Eduardo-PC/Documents/CAD/Tecnit
ower/Biblioteca/CAD Proveedores/Planos Phoenix Contact/Conectores MSTBA
 - Hembra/1757019|60C22730-9B5F-44AA-8FCA-2A6419867FF6||1|3','');
#1371=STRINGVALUEPAIR(
'constituents\\<Repository Guid="CC3D4A9F-1B2A-4B08-82DA-F99D11709725" 
Name="C" V3Name="" Type="File"/>:/Users/Eduardo-PC/Documents/CAD/Tecnit
ower/Biblioteca/Alibre/Electronica/Jumper_3_pin|5C0D00CC-1037-454A-BD5B
-0B2B03DAE13E||1|2','');
#1372=STRINGVALUEPAIR(
'constituents\\<Repository Guid="CC3D4A9F-1B2A-4B08-82DA-F99D11709725" 
Name="C" V3Name="" Type="File"/>:/Users/Eduardo-PC/Documents/CAD/Tecnit
ower/Biblioteca/Alibre/Electronica/JUMPER|9213B170-CDC4-4818-8786-D725C
6F524FB||1|1','');
#1373=STRINGVALUEPAIR(
'constituents\\<Repository Guid="CC3D4A9F-1B2A-4B08-82DA-F99D11709725" 
Name="C" V3Name="" Type="File"/>:/Users/Eduardo-PC/Documents/CAD/Tecnit
ower/Biblioteca/Alibre/Accesorios_electricos/PD05/Partes/Base Chillemi 
R840T|72C06ECA-B90B-4C71-BF9B-5504EFDFF15A||1|4','');
#1374=STRINGVALUEPAIR(
'constituents\\<Repository Guid="CC3D4A9F-1B2A-4B08-82DA-F99D11709725" 
Name="C" V3Name="" Type="File"/>:/Users/Eduardo-PC/Documents/CAD/Tecnit
ower/Biblioteca/Alibre/Electronica/Capacitor 4700x25V-SR - (16x25)|74A2
EE71-814B-4B2C-BA9E-917D790A5CCE||1|2','');
#1375=STRINGVALUEPAIR(
'constituents\\<Repository Guid="CC3D4A9F-1B2A-4B08-82DA-F99D11709725" 
Name="C" V3Name="" Type="File"/>:/Users/Eduardo-PC/Documents/CAD/Tecnit
ower/Biblioteca/Alibre/Accesorios_electricos/Transformadores/Cobsil 522
101|DA82A5F4-1F9C-45C2-91FF-3DDA31F4E884||1|4','');
#1376=STRINGVALUEPAIR(
'constituents\\<Repository Guid="CC3D4A9F-1B2A-4B08-82DA-F99D11709725" 
Name="C" V3Name="" Type="File"/>:/Users/Eduardo-PC/Documents/CAD/Tecnit
ower/Biblioteca/Alibre/Electronica/LM358 - DIP8|E7151C65-FAB8-4BB6-AA82
-3C3ED694D18D||1|3','');
#1377=STRINGVALUEPAIR(
'constituents\\<Repository Guid="CC3D4A9F-1B2A-4B08-82DA-F99D11709725" 
Name="C" V3Name="" Type="File"/>:/Users/Eduardo-PC/Documents/CAD/Tecnit
ower/Biblioteca/CAD Proveedores/Planos Phoenix Contact/Conectores MSTBA
 - Hembra/1757022|E9B7F47D-88F5-4605-9778-3F759098ED02||1|5','');
#1378=STRINGVALUEPAIR(
'constituents\\<Repository Guid="CC3D4A9F-1B2A-4B08-82DA-F99D11709725" 
Name="C" V3Name="" Type="File"/>:/Users/Eduardo-PC/Documents/CAD/Tecnit
ower/Biblioteca/Alibre/Accesorios_electricos/Desarrollos/Partes/DIP-Swi
tch|A2108D49-DE87-4B50-B1A0-9D182F3DE25F||1|1','');
#1379=STRINGVALUEPAIR(
'constituents\\<Repository Guid="CC3D4A9F-1B2A-4B08-82DA-F99D11709725" 
Name="C" V3Name="" Type="File"/>:/Users/Eduardo-PC/Documents/CAD/Tecnit
ower/Biblioteca/Alibre/Electronica/LED-D3R|1A532A6D-252E-46FB-AF2A-5BF6
D99FB79A||1|2','');
#1380=STRINGVALUEPAIR(
'constituents\\<Repository Guid="CC3D4A9F-1B2A-4B08-82DA-F99D11709725" 
Name="C" V3Name="" Type="File"/>:/Users/Eduardo-PC/Documents/CAD/Tecnit
ower/Biblioteca/Alibre/Electronica/PR2W10|AC66619F-AFBF-4DCE-971B-64840
186CA2E||1|2','');
#1381=STRINGVALUEPAIR(
'constituents\\<Repository Guid="CC3D4A9F-1B2A-4B08-82DA-F99D11709725" 
Name="C" V3Name="" Type="File"/>:/Users/Eduardo-PC/Documents/CAD/Tecnit
ower/Biblioteca/Alibre/Accesorios_electricos/PD05/Partes/Frente Chillem
i R840T|C4CBC4E7-9525-4C14-99D4-7B0CEEEE718C||1|12','');
#1382=STRINGVALUEPAIR(
'constituents\\<Repository Guid="CC3D4A9F-1B2A-4B08-82DA-F99D11709725" 
Name="C" V3Name="" Type="File"/>:/Users/Eduardo-PC/Documents/CAD/Tecnit
ower/Biblioteca/Alibre/Electronica/HJR-3FF-XXVDC|B411D82E-153F-49A1-95C
3-4722113B582F||1|2','');
#1383=STRINGVALUEPAIR(
'constituents\\<Repository Guid="CC3D4A9F-1B2A-4B08-82DA-F99D11709725" 
Name="C" V3Name="" Type="File"/>:/Users/Eduardo-PC/Documents/CAD/Tecnit
ower/Biblioteca/CAD Proveedores/Planos Phoenix Contact/Conectores MSTBA
 - Macho/1754436|AE88BE23-3A04-4419-86C1-5E6854BDE9AF||1|3','');
#1384=STRINGVALUEPAIR(
'constituents\\<Repository Guid="CC3D4A9F-1B2A-4B08-82DA-F99D11709725" 
Name="C" V3Name="" Type="File"/>:/Users/Eduardo-PC/Documents/CAD/Tecnit
ower/Biblioteca/Alibre/Accesorios_electricos/PD05/Partes/Traba Riel PD1
0|473A8DF0-1208-4D00-AA0E-9648A16EB05E||1|4','');
#1385=STRINGVALUEPAIR(
'constituents\\<Repository Guid="CC3D4A9F-1B2A-4B08-82DA-F99D11709725" 
Name="C" V3Name="" Type="File"/>:/Users/Eduardo-PC/Documents/CAD/Tecnit
ower/Biblioteca/Alibre/Electronica/Triac 8A|1E72A408-46BE-4ABF-8738-2EE
3D461D7C9||1|1','');
#1386=STRINGVALUEPAIR(
'constituents\\<Repository Guid="CC3D4A9F-1B2A-4B08-82DA-F99D11709725" 
Name="C" V3Name="" Type="File"/>:/Users/Eduardo-PC/Documents/CAD/Tecnit
ower/Biblioteca/CAD Proveedores/Planos Phoenix Contact/Conectores MSTBA
 - Macho/1754452|D1B62187-CB00-4C34-AF31-039F9A85520F||1|2','');
#1387=STRINGVALUEPAIR(
'constituents\\<Repository Guid="CC3D4A9F-1B2A-4B08-82DA-F99D11709725" 
Name="C" V3Name="" Type="File"/>:/Users/Eduardo-PC/Documents/CAD/Tecnit
ower/Biblioteca/Alibre/Accesorios_electricos/Desarrollos/Partes/pLACA|8
24030F9-B9E3-415A-83C9-D22AC14B3787||1|4','');
#1388=STRINGVALUEPAIR(
'__ConstituentMinorVersions\\<Repository Guid="CC3D4A9F-1B2A-4B08-82DA-
F99D11709725" Name="C" V3Name="" Type="File"/>:/Users/Eduardo-PC/Docume
nts/CAD/Tecnitower/Biblioteca/Alibre/Accesorios_electricos/PD05/Partes/
Tornillo_PD|DED3A8B2-339C-4D13-B860-A267431C1A45||1|3','1');
#1389=STRINGVALUEPAIR(
'__ConstituentMinorVersions\\<Repository Guid="CC3D4A9F-1B2A-4B08-82DA-
F99D11709725" Name="C" V3Name="" Type="File"/>:/Users/Eduardo-PC/Docume
nts/CAD/Tecnitower/Biblioteca/Alibre/Electronica/Led_5mm_corto|47223C04
-10CC-4F6C-B2F2-4CB4C1F4BBCF||1|4','1');
#1390=STRINGVALUEPAIR(
'__ConstituentMinorVersions\\<Repository Guid="CC3D4A9F-1B2A-4B08-82DA-
F99D11709725" Name="C" V3Name="" Type="File"/>:/Users/Eduardo-PC/Docume
nts/CAD/Tecnitower/Biblioteca/Alibre/Electronica/TS-6x6-WP|F95149F0-6F9
D-4BB7-8AB0-7C68FC59EBFF||1|1','1');
#1391=STRINGVALUEPAIR(
'__ConstituentMinorVersions\\<Repository Guid="CC3D4A9F-1B2A-4B08-82DA-
F99D11709725" Name="C" V3Name="" Type="File"/>:/Users/Eduardo-PC/Docume
nts/CAD/Tecnitower/Biblioteca/Alibre/Electronica/Opto-triac|720BBE84-F2
D2-47C0-989E-EFBED83725EE||1|2','1');
#1392=STRINGVALUEPAIR(
'__ConstituentMinorVersions\\<Repository Guid="CC3D4A9F-1B2A-4B08-82DA-
F99D11709725" Name="C" V3Name="" Type="File"/>:/Users/Eduardo-PC/Docume
nts/CAD/Tecnitower/Biblioteca/Alibre/Electronica/PIC16F883|74354301-9F6
7-40FD-9346-931DB564D9B5||1|4','1');
#1393=STRINGVALUEPAIR(
'__ConstituentMinorVersions\\<Repository Guid="CC3D4A9F-1B2A-4B08-82DA-
F99D11709725" Name="C" V3Name="" Type="File"/>:/Users/Eduardo-PC/Docume
nts/CAD/Tecnitower/Biblioteca/Alibre/Accesorios_electricos/PD05/Partes/
Cuerpo Chillemi R840T|3DC91598-44D8-489A-A7E9-361D36BD57BC||1|9','1');
#1394=STRINGVALUEPAIR(
'__ConstituentMinorVersions\\<Repository Guid="CC3D4A9F-1B2A-4B08-82DA-
F99D11709725" Name="C" V3Name="" Type="File"/>:/Users/Eduardo-PC/Docume
nts/CAD/Tecnitower/Biblioteca/Alibre/Electronica/7 Segmentos led|A16314
1F-F955-43D2-A6E5-D59649BDD592||1|2','1');
#1395=STRINGVALUEPAIR(
'__ConstituentMinorVersions\\<Repository Guid="CC3D4A9F-1B2A-4B08-82DA-
F99D11709725" Name="C" V3Name="" Type="File"/>:/Users/Eduardo-PC/Docume
nts/CAD/Tecnitower/Biblioteca/Alibre/Electronica/TO92|597D5CFA-CFFD-4A2
0-A538-9B0C0D00A829||1|3','1');
#1396=STRINGVALUEPAIR(
'__ConstituentMinorVersions\\<Repository Guid="CC3D4A9F-1B2A-4B08-82DA-
F99D11709725" Name="C" V3Name="" Type="File"/>:/Users/Eduardo-PC/Docume
nts/CAD/Tecnitower/Biblioteca/CAD Proveedores/Planos Phoenix Contact/Co
nectores MSTBA - Hembra/1757019|60C22730-9B5F-44AA-8FCA-2A6419867FF6||1
|3','1');
#1397=STRINGVALUEPAIR(
'__ConstituentMinorVersions\\<Repository Guid="CC3D4A9F-1B2A-4B08-82DA-
F99D11709725" Name="C" V3Name="" Type="File"/>:/Users/Eduardo-PC/Docume
nts/CAD/Tecnitower/Biblioteca/Alibre/Electronica/Jumper_3_pin|5C0D00CC-
1037-454A-BD5B-0B2B03DAE13E||1|2','1');
#1398=STRINGVALUEPAIR(
'__ConstituentMinorVersions\\<Repository Guid="CC3D4A9F-1B2A-4B08-82DA-
F99D11709725" Name="C" V3Name="" Type="File"/>:/Users/Eduardo-PC/Docume
nts/CAD/Tecnitower/Biblioteca/Alibre/Electronica/JUMPER|9213B170-CDC4-4
818-8786-D725C6F524FB||1|1','1');
#1399=STRINGVALUEPAIR(
'__ConstituentMinorVersions\\<Repository Guid="CC3D4A9F-1B2A-4B08-82DA-
F99D11709725" Name="C" V3Name="" Type="File"/>:/Users/Eduardo-PC/Docume
nts/CAD/Tecnitower/Biblioteca/Alibre/Accesorios_electricos/PD05/Partes/
Base Chillemi R840T|72C06ECA-B90B-4C71-BF9B-5504EFDFF15A||1|4','1');
#1400=STRINGVALUEPAIR(
'__ConstituentMinorVersions\\<Repository Guid="CC3D4A9F-1B2A-4B08-82DA-
F99D11709725" Name="C" V3Name="" Type="File"/>:/Users/Eduardo-PC/Docume
nts/CAD/Tecnitower/Biblioteca/Alibre/Electronica/Capacitor 4700x25V-SR 
- (16x25)|74A2EE71-814B-4B2C-BA9E-917D790A5CCE||1|2','1');
#1401=STRINGVALUEPAIR(
'__ConstituentMinorVersions\\<Repository Guid="CC3D4A9F-1B2A-4B08-82DA-
F99D11709725" Name="C" V3Name="" Type="File"/>:/Users/Eduardo-PC/Docume
nts/CAD/Tecnitower/Biblioteca/Alibre/Accesorios_electricos/Transformado
res/Cobsil 522101|DA82A5F4-1F9C-45C2-91FF-3DDA31F4E884||1|4','1');
#1402=STRINGVALUEPAIR(
'__ConstituentMinorVersions\\<Repository Guid="CC3D4A9F-1B2A-4B08-82DA-
F99D11709725" Name="C" V3Name="" Type="File"/>:/Users/Eduardo-PC/Docume
nts/CAD/Tecnitower/Biblioteca/Alibre/Electronica/LM358 - DIP8|E7151C65-
FAB8-4BB6-AA82-3C3ED694D18D||1|3','1');
#1403=STRINGVALUEPAIR(
'__ConstituentMinorVersions\\<Repository Guid="CC3D4A9F-1B2A-4B08-82DA-
F99D11709725" Name="C" V3Name="" Type="File"/>:/Users/Eduardo-PC/Docume
nts/CAD/Tecnitower/Biblioteca/CAD Proveedores/Planos Phoenix Contact/Co
nectores MSTBA - Hembra/1757022|E9B7F47D-88F5-4605-9778-3F759098ED02||1
|5','1');
#1404=STRINGVALUEPAIR(
'__ConstituentMinorVersions\\<Repository Guid="CC3D4A9F-1B2A-4B08-82DA-
F99D11709725" Name="C" V3Name="" Type="File"/>:/Users/Eduardo-PC/Docume
nts/CAD/Tecnitower/Biblioteca/Alibre/Accesorios_electricos/Desarrollos/
Partes/DIP-Switch|A2108D49-DE87-4B50-B1A0-9D182F3DE25F||1|1','1');
#1405=STRINGVALUEPAIR(
'__ConstituentMinorVersions\\<Repository Guid="CC3D4A9F-1B2A-4B08-82DA-
F99D11709725" Name="C" V3Name="" Type="File"/>:/Users/Eduardo-PC/Docume
nts/CAD/Tecnitower/Biblioteca/Alibre/Electronica/LED-D3R|1A532A6D-252E-
46FB-AF2A-5BF6D99FB79A||1|2','1');
#1406=STRINGVALUEPAIR(
'__ConstituentMinorVersions\\<Repository Guid="CC3D4A9F-1B2A-4B08-82DA-
F99D11709725" Name="C" V3Name="" Type="File"/>:/Users/Eduardo-PC/Docume
nts/CAD/Tecnitower/Biblioteca/Alibre/Electronica/PR2W10|AC66619F-AFBF-4
DCE-971B-64840186CA2E||1|2','1');
#1407=STRINGVALUEPAIR(
'__ConstituentMinorVersions\\<Repository Guid="CC3D4A9F-1B2A-4B08-82DA-
F99D11709725" Name="C" V3Name="" Type="File"/>:/Users/Eduardo-PC/Docume
nts/CAD/Tecnitower/Biblioteca/Alibre/Accesorios_electricos/PD05/Partes/
Frente Chillemi R840T|C4CBC4E7-9525-4C14-99D4-7B0CEEEE718C||1|12','1');
#1408=STRINGVALUEPAIR(
'__ConstituentMinorVersions\\<Repository Guid="CC3D4A9F-1B2A-4B08-82DA-
F99D11709725" Name="C" V3Name="" Type="File"/>:/Users/Eduardo-PC/Docume
nts/CAD/Tecnitower/Biblioteca/Alibre/Electronica/HJR-3FF-XXVDC|B411D82E
-153F-49A1-95C3-4722113B582F||1|2','1');
#1409=STRINGVALUEPAIR(
'__ConstituentMinorVersions\\<Repository Guid="CC3D4A9F-1B2A-4B08-82DA-
F99D11709725" Name="C" V3Name="" Type="File"/>:/Users/Eduardo-PC/Docume
nts/CAD/Tecnitower/Biblioteca/CAD Proveedores/Planos Phoenix Contact/Co
nectores MSTBA - Macho/1754436|AE88BE23-3A04-4419-86C1-5E6854BDE9AF||1|
3','1');
#1410=STRINGVALUEPAIR(
'__ConstituentMinorVersions\\<Repository Guid="CC3D4A9F-1B2A-4B08-82DA-
F99D11709725" Name="C" V3Name="" Type="File"/>:/Users/Eduardo-PC/Docume
nts/CAD/Tecnitower/Biblioteca/Alibre/Accesorios_electricos/PD05/Partes/
Traba Riel PD10|473A8DF0-1208-4D00-AA0E-9648A16EB05E||1|4','1');
#1411=STRINGVALUEPAIR(
'__ConstituentMinorVersions\\<Repository Guid="CC3D4A9F-1B2A-4B08-82DA-
F99D11709725" Name="C" V3Name="" Type="File"/>:/Users/Eduardo-PC/Docume
nts/CAD/Tecnitower/Biblioteca/Alibre/Electronica/Triac 8A|1E72A408-46BE
-4ABF-8738-2EE3D461D7C9||1|1','1');
#1412=STRINGVALUEPAIR(
'__ConstituentMinorVersions\\<Repository Guid="CC3D4A9F-1B2A-4B08-82DA-
F99D11709725" Name="C" V3Name="" Type="File"/>:/Users/Eduardo-PC/Docume
nts/CAD/Tecnitower/Biblioteca/CAD Proveedores/Planos Phoenix Contact/Co
nectores MSTBA - Macho/1754452|D1B62187-CB00-4C34-AF31-039F9A85520F||1|
2','1');
#1413=STRINGVALUEPAIR(
'__ConstituentMinorVersions\\<Repository Guid="CC3D4A9F-1B2A-4B08-82DA-
F99D11709725" Name="C" V3Name="" Type="File"/>:/Users/Eduardo-PC/Docume
nts/CAD/Tecnitower/Biblioteca/Alibre/Accesorios_electricos/Desarrollos/
Partes/pLACA|824030F9-B9E3-415A-83C9-D22AC14B3787||1|4','1');
#1414=STRINGVALUEPAIR('stepFileVersion','PRODUCTVERSION 15,0,2,15088');
#1415=STRINGVALUEPAIR('View Scale Note Caption','SCALE');
#1416=STRINGVALUEPAIR('View Scale Note Separator',':');
#1417=INTEGERVALUEPAIR('subType',2);
#1418=INTEGERVALUEPAIR('secureObjectType',2);
#1419=INTEGERVALUEPAIR('Locale ID',1033);
#1420=INTEGERVALUEPAIR('Country Code',1);
#1421=INTEGERVALUEPAIR('codepage',1252);
#1422=INTEGERVALUEPAIR('EnableAdvancedRendering',1);
#1423=INTEGERVALUEPAIR('Distance Units',0);
#1424=INTEGERVALUEPAIR('Angle Units',0);
#1425=INTEGERVALUEPAIR('Mass Units',0);
#1426=INTEGERVALUEPAIR('Segments Per Circle',24);
#1427=INTEGERVALUEPAIR('Density Mass Units',401);
#1428=INTEGERVALUEPAIR('Density Distance Units',201);
#1429=INTEGERVALUEPAIR('Dual Distance Units',0);
#1430=INTEGERVALUEPAIR('Dual Placement',1);
#1431=INTEGERVALUEPAIR('Default Dimension Style Id',0);
#1432=INTEGERVALUEPAIR('Arrow Style',0);
#1433=INTEGERVALUEPAIR('Arrow Second Style',0);
#1434=INTEGERVALUEPAIR('Dimension Annotation Placement',0);
#1435=INTEGERVALUEPAIR('Dimension Line Placement',0);
#1436=INTEGERVALUEPAIR('Diametric Dimension Option',0);
#1437=INTEGERVALUEPAIR('Chamfer Dimension Format Key',0);
#1438=INTEGERVALUEPAIR('Chamfer Dimension Separator Key',0);
#1439=INTEGERVALUEPAIR('Chamfer Dimension Annotation Placement Key',0);
#1440=INTEGERVALUEPAIR('Annotation Arrow Style',0);
#1441=INTEGERVALUEPAIR('BAM_PauseLength',100);
#1442=INTEGERVALUEPAIR('Face Color',-1776412);
#1443=INTEGERVALUEPAIR('Edge Color',-13158601);
#1444=INTEGERVALUEPAIR('Face Reflectivity',0);
#1445=INTEGERVALUEPAIR('Distance Precision',2);
#1446=INTEGERVALUEPAIR('Segment Format',0);
#1447=INTEGERVALUEPAIR('Angle Precision',2);
#1448=INTEGERVALUEPAIR('Tolerance Type',0);
#1449=INTEGERVALUEPAIR('Dual Distance Precision',3);
#1450=INTEGERVALUEPAIR('Dual Angle Untis',3);
#1451=INTEGERVALUEPAIR('Dual Angle Precision',2);
#1452=INTEGERVALUEPAIR('Hatching Color',-16777216);
#1453=INTEGERVALUEPAIR('Hatching Line Weight',1);
#1454=INTEGERVALUEPAIR('Browser Properties\\Browser Split Width',196);
#1455=INTEGERVALUEPAIR('Intersection Decorator Layer ID',1);
#1456=INTEGERVALUEPAIR('Intersection Decorator Shape',3);
#1457=INTEGERVALUEPAIR('Annotation Font Color',0);
#1458=INTEGERVALUEPAIR('Datum Target Arrow Style',21);
#1459=INTEGERVALUEPAIR('PCD Representation ID',1);
#1460=INTEGERVALUEPAIR('PCD Layer ID',1);
#1461=INTEGERVALUEPAIR('Linear Pattern Centers ID',1);
#1462=PROFILE((#1417,#1347,#1348,#1349,#1350,#1418,#1419,#1420,#1421,#1422,
#1351,#1343,#1344,#1345,#1423,#1424,#1306,#1307,#1308,#1309,#1280,#1281,
#1282,#1283,#1425,#1284,#1426,#1310,#1427,#1428,#1285,#1352,#1286,#1287,
#1429,#1288,#1289,#1430,#1346,#1353,#1354,#1355,#1356,#1357,#1273,#1358,
#1431,#1311,#1432,#1312,#1313,#1433,#1314,#1434,#1435,#1315,#1316,#1317,
#1318,#1290,#1319,#1436,#1291,#1292,#1437,#1438,#1439,#1440,#1320,#1321,
#1293,#1294,#1295,#1296,#1297,#1441,#1442,#1443,#1444,#1445,#1446,#1447,
#1298,#1322,#1323,#1448,#1324,#1325,#1274,#1449,#1450,#1451,#1265,#1359,
#1326,#1327,#1452,#1453,#1328,#1329,#1330,#1331,#1299,#1454,#1300,#1360,
#1183,#1301,#896,#1361,#1362,#1363,#1364,#1365,#1366,#1367,#1368,#1369,#1370,
#1371,#1372,#1373,#1374,#1375,#1376,#1377,#1378,#1379,#1380,#1381,#1382,
#1383,#1384,#1385,#1386,#1387,#1388,#1389,#1390,#1391,#1392,#1393,#1394,
#1395,#1396,#1397,#1398,#1399,#1400,#1401,#1402,#1403,#1404,#1405,#1406,
#1407,#1408,#1409,#1410,#1411,#1412,#1413,#1414,#1455,#1456,#1457,#1458,
#1275,#1276,#1332,#1333,#1302,#1459,#1460,#1303,#1304,#1305,#1461,#1277,
#1415,#1416,#1334,#1278,#1279));
#1463=PROFILE(());
#1464=PROFILE(());
#1465=PROFILE(());
#1466=PROFILE(());
#1467=PROFILE(());
#1468=PROFILE(());
#1469=PROFILE(());
#1470=PROFILE(());
#1471=PROFILE(());
#1472=PROFILE(());
#1473=PROFILE(());
#1474=PROFILE(());
#1475=PROFILE(());
#1476=PROFILE(());
#1477=PROFILE(());
#1478=PROFILE(());
#1479=PROFILE(());
#1480=PROFILE(());
#1481=PROFILE(());
#1482=PROFILE(());
#1483=PROFILE(());
#1484=PROFILE(());
#1485=PROFILE(());
#1486=PROFILE(());
#1487=PROFILE(());
#1488=PROFILE(());
#1489=PROFILE(());
#1490=PROFILE(());
#1491=PROFILE(());
#1492=PROFILE(());
#1493=PROFILE(());
#1494=PROFILE(());
#1495=PROFILE(());
#1496=PROFILE(());
#1497=PROFILE(());
#1498=PROFILE(());
#1499=PROFILE(());
#1500=PROFILE(());
#1501=PROFILE(());
#1502=PROFILE(());
#1503=PROFILE(());
#1504=PROFILE(());
#1505=PROFILE(());
#1506=PROFILE(());
#1507=PROFILE(());
#1508=PROFILE(());
#1509=PROFILE(());
#1510=PROFILE(());
#1511=PROFILE(());
#1512=PROFILE(());
#1513=PROFILE(());
#1514=PROFILE(());
#1515=PROFILE(());
#1516=PROFILE(());
#1517=PROFILE(());
#1518=PROFILE(());
#1519=PROFILE(());
#1520=PROFILE(());
#1521=PROFILE(());
#1522=PROFILE(());
#1523=PROFILE(());
#1524=PROFILE(());
#1525=PROFILE(());
#1526=PROFILE(());
#1527=PROFILE(());
#1528=PROFILE(());
#1529=PROFILE(());
#1530=DESIGNWORKSPACE(#1462,1,$,#894,$);
#1531=SCHEMAVERSION('PRODUCTVERSION 15,0,2,15088',$);
ENDSEC;
END-ISO-10303-21;
